{"global_step": 2351104, "_timestamp": 1702448736.6252434, "rollout/ep_len_mean": 1491.9300537109375, "rollout/ep_rew_mean": 158.88999938964844, "time/fps": 1004.0, "_runtime": 2341.183208465576, "_step": 286, "train/approx_kl": 0.007724364288151264, "train/clip_fraction": 0.09230957180261612, "train/clip_range": 0.20000000298023224, "train/entropy_loss": -0.1982613354921341, "train/explained_variance": 0.9286366701126099, "train/loss": 2.8271892070770264, "train/learning_rate": 0.0003000000142492354, "train/policy_gradient_loss": -0.0009711079765111208, "train/std": 0.2590077221393585, "train/value_loss": 6.652340888977051, "_wandb": {"runtime": 2361}}