{"global_step": 9865216, "_timestamp": 1702394360.8673596, "rollout/ep_rew_mean": 12.9399995803833, "time/fps": 936.0, "rollout/ep_len_mean": 1502.0, "_runtime": 10541.158266544342, "_step": 4816, "train/approx_kl": 0.015337217599153519, "train/std": 0.017818614840507507, "train/loss": 0.1101214587688446, "train/value_loss": 0.66386479139328, "train/policy_gradient_loss": 0.01965397596359253, "train/learning_rate": 0.0003000000142492354, "train/explained_variance": 0.7920821309089661, "train/entropy_loss": 7.985088348388672, "train/clip_fraction": 0.31049805879592896, "train/clip_range": 0.20000000298023224}