{"_runtime":1.6427097000000002,"_step":7,"_wandb":{"runtime":1},"acc":0.9298829983780172,"loss":0.09199618557287553,"_timestamp":1.7367112597712219e+09}