{"train/approx_kl":0.0037840041,"global_step":100352,"train/learning_rate":0.0003,"train/explained_variance":2.1457672e-06,"train/loss":462.5895,"rollout/ep_len_mean":200,"_step":627,"_timestamp":1.7367173126168985e+09,"train/value_loss":1346.2333,"train/std":0.90658814,"train/policy_gradient_loss":-0.0019564193,"_runtime":79.5803634,"rollout/ep_rew_mean":-1044.6443,"train/clip_range":0.2,"train/clip_fraction":0.029541016,"train/entropy_loss":-1.3258821,"time/fps":1300,"_wandb":{"runtime":79}}