{"global_step": 2351104, "_timestamp": 1702446818.815204, "rollout/ep_len_mean": 1502.0, "rollout/ep_rew_mean": -70.88999938964844, "time/fps": 926.0, "_runtime": 2537.359224796295, "_step": 286, "train/clip_fraction": 0.05607910081744194, "train/learning_rate": 0.0003000000142492354, "train/explained_variance": 0.13887876272201538, "train/policy_gradient_loss": -0.0002343902160646394, "train/loss": 6.504483222961426, "train/approx_kl": 0.004399917554110289, "train/entropy_loss": -3.775899887084961, "train/clip_range": 0.20000000298023224, "train/value_loss": 50.350624084472656, "train/std": 0.8685060143470764, "_wandb": {"runtime": 2558}}