{"global_step": 8814592, "_timestamp": 1702394417.2621691, "rollout/ep_len_mean": 1502.0, "time/fps": 926.0, "rollout/ep_rew_mean": 20.68000030517578, "_runtime": 9514.25607419014, "_step": 4303, "train/approx_kl": 0.042822279036045074, "train/policy_gradient_loss": 0.01959802582859993, "train/loss": 0.25666144490242004, "train/learning_rate": 0.0003000000142492354, "train/explained_variance": 0.641596257686615, "train/entropy_loss": 8.183786392211914, "train/clip_range": 0.20000000298023224, "train/clip_fraction": 0.33354490995407104, "train/std": 0.016218222677707672, "train/value_loss": 0.5341233611106873}