{"global_step": 4194304, "_timestamp": 1702369989.340276, "time/fps": 979.0, "rollout/ep_len_mean": 1502.0, "rollout/ep_rew_mean": 37.58000183105469, "_runtime": 4283.055340051651, "_step": 255, "train/approx_kl": 0.01155287865549326, "train/explained_variance": 0.6764912605285645, "train/entropy_loss": 1.5399314165115356, "train/policy_gradient_loss": 0.005824568681418896, "train/loss": 0.5955367684364319, "train/learning_rate": 0.0003000000142492354, "train/clip_range": 0.20000000298023224, "train/clip_fraction": 0.19120483100414276, "train/value_loss": 1.1665583848953247, "train/std": 0.1516234427690506}