{"global_step": 49152, "_timestamp": 1702362888.9342442, "rollout/ep_len_mean": 1502.0, "rollout/ep_rew_mean": 25.65625, "time/fps": 62.0, "_runtime": 789.8920540809631, "_step": 5, "train/entropy_loss": -4.111176013946533, "train/value_loss": 0.8277645111083984, "train/std": 0.9482240676879883, "train/policy_gradient_loss": -0.004125910345464945, "train/loss": 0.40808847546577454, "train/learning_rate": 0.0003000000142492354, "train/clip_range": 0.20000000298023224, "train/explained_variance": 0.3119063973426819, "train/clip_fraction": 0.05332031100988388, "train/approx_kl": 0.006858011242002249}