{"global_step": 40960, "_timestamp": 1702446283.9222443, "rollout/ep_len_mean": 1502.0, "rollout/ep_rew_mean": -8.44444465637207, "time/fps": 996.0, "_runtime": 42.66447329521179, "_step": 4, "train/approx_kl": 0.009446363896131516, "train/explained_variance": 0.06356221437454224, "train/entropy_loss": -4.30925178527832, "train/policy_gradient_loss": -0.003270708490163088, "train/loss": 0.0914563238620758, "train/learning_rate": 0.0003000000142492354, "train/clip_range": 0.20000000298023224, "train/clip_fraction": 0.10582275688648224, "train/value_loss": 0.5300825834274292, "train/std": 1.0194400548934937}