{"global_step": 6168576, "_timestamp": 1702377718.9999619, "rollout/ep_len_mean": 1502.0, "time/fps": 831.0, "rollout/ep_rew_mean": 47.70000076293945, "_runtime": 7419.972435951233, "_step": 1505, "train/approx_kl": 0.03001418337225914, "train/policy_gradient_loss": 0.012879776768386364, "train/learning_rate": 0.0003000000142492354, "train/loss": 0.05895937606692314, "train/entropy_loss": 6.595799922943115, "train/clip_fraction": 0.2757812440395355, "train/explained_variance": 0.9312613010406494, "train/clip_range": 0.20000000298023224, "train/value_loss": 0.3069664239883423, "train/std": 0.048850610852241516}