{"global_step": 1925120, "_timestamp": 1702446079.0532064, "time/fps": 939.0, "_runtime": 2049.8875703811646, "_step": 234, "train/clip_fraction": 0.04838867112994194, "train/learning_rate": 0.0003000000142492354, "train/value_loss": 1.1054089865680794e-09, "train/std": 0.7279512882232666, "train/policy_gradient_loss": 0.0007093725143931806, "train/explained_variance": -27.600173950195312, "train/loss": -0.010507665574550629, "train/entropy_loss": -3.1651060581207275, "train/approx_kl": 0.005204122979193926, "train/clip_range": 0.20000000298023224}