{"global_step": 2506752, "_timestamp": 1702365599.118098, "rollout/ep_rew_mean": 127.48999786376953, "time/fps": 1018.0, "rollout/ep_len_mean": 1448.1500244140625, "_runtime": 2463.4507761001587, "_step": 305, "train/entropy_loss": 1.8692874908447266, "train/clip_range": 0.20000000298023224, "train/policy_gradient_loss": 0.0040563493967056274, "train/loss": 0.28130218386650085, "train/learning_rate": 0.0003000000142492354, "train/explained_variance": 0.9544087648391724, "train/clip_fraction": 0.13992920517921448, "train/approx_kl": 0.011000582948327065, "train/value_loss": 0.5390570759773254, "train/std": 0.13853026926517487, "_wandb": {"runtime": 2468}}