{"train/loss":0.004284573,"time/fps":63,"train/clip_fraction":0.03413086,"_timestamp":1.736950168505641e+09,"train/value_loss":0.021754121,"train/std":0.73838764,"train/entropy_loss":-3.341097,"_runtime":15827.0716783,"train/learning_rate":0.0001,"train/approx_kl":0.005414634,"train/explained_variance":-2.4159393,"train/clip_range":0.2,"rollout/ep_rew_mean":-119.37583,"_step":62700,"train/policy_gradient_loss":-0.002342401,"_wandb":{"runtime":15827},"rollout/ep_len_mean":994.67,"global_step":1003520}