{"global_step": 6209536, "_timestamp": 1702377717.947569, "time/fps": 835.0, "rollout/ep_len_mean": 1502.0, "rollout/ep_rew_mean": 31.81999969482422, "_runtime": 7435.330253839493, "_step": 757, "train/entropy_loss": 5.28598690032959, "train/value_loss": 0.09850171208381653, "train/std": 0.046869754791259766, "train/policy_gradient_loss": 0.013687673024833202, "train/loss": 0.032748352736234665, "train/learning_rate": 0.0003000000142492354, "train/clip_range": 0.20000000298023224, "train/explained_variance": 0.9587116241455078, "train/clip_fraction": 0.23802490532398224, "train/approx_kl": 0.024577543139457703}