{"global_step": 2351104, "_timestamp": 1702398629.194737, "time/fps": 543.0, "rollout/ep_len_mean": 1471.52001953125, "rollout/ep_rew_mean": 86.52999877929688, "_runtime": 4331.125153064728, "_step": 286, "train/approx_kl": 0.0097919050604105, "train/explained_variance": 0.012926459312438965, "train/entropy_loss": 0.7327405214309692, "train/policy_gradient_loss": 0.001699394197203219, "train/loss": 4.470633029937744, "train/learning_rate": 0.0003000000142492354, "train/clip_range": 0.20000000298023224, "train/clip_fraction": 0.12696532905101776, "train/value_loss": 1034.6553955078125, "train/std": 0.20827241241931915, "_wandb": {"runtime": 4363}}