{"global_step": 10027008, "_timestamp": 1702381436.4931793, "rollout/ep_len_mean": 1502.0, "rollout/ep_rew_mean": 38.220001220703125, "time/fps": 880.0, "_runtime": 11393.613995313644, "_step": 305, "train/approx_kl": 0.01843183860182762, "train/clip_fraction": 0.20198670029640198, "train/entropy_loss": 1.510960578918457, "train/policy_gradient_loss": 0.007141637150198221, "train/value_loss": 0.8954057097434998, "train/loss": 0.4786604642868042, "train/std": 0.18818096816539764, "train/learning_rate": 0.0003000000142492354, "train/clip_range": 0.20000000298023224, "train/explained_variance": 0.818509578704834, "_wandb": {"runtime": 11426}}